Season,League,Team,Minutes,Goals,Goals Conceded,xG,xG Faced,Non Penalty Shots,Non Penalty Shots Faced,xG/Shot,Opposition xG/Shot,Deep Progressions,Deep Completions,Passes Into Box,Pass OBV,Dribble & Carry OBV,Pressures,Pressures in Opposing Half,Counterpressures,Tackles,Interceptions,Non Aerial Duels,Corners,Non Throw-in Key Passes,Touches in box,Passes,Shots,Shots Outside Box,Box Cross%,Goalkeeper Long Ball%,Cumulative xG,Open Play xG
2024/25,Premier League,Arsenal,3787.9139,1.6394,0.8078,1.2765,0.7676,13.1391,8.5535,0.0971,0.0897,46.0226,6.0587,30.1274,0.7126,0.9414,133.1498,77.0529,50.2044,0,7.6744,13.2817,5.9637,8.8148,49.7529,481.4206,13.1866,3.5639,0.4156,0.3621,1.3137,0.9124
2024/25,Premier League,Leicester City,3789.4602,0.7837,1.9,0.7233,1.489,7.9325,15.2475,0.0911,0.0976,30.2576,2.5175,20.7813,0.4362,0.6375,178.5531,75.3827,62.2727,0,10.9487,18.145,3.3012,5.3437,23.655,410.5677,8.0037,2.5412,0.4525,0.3279,0.7791,0.5497
2024/25,Premier League,Liverpool,3788.0969,2.0432,0.9741,1.5975,0.7882,15.2768,9.1945,0.1045,0.0857,51.4136,6.8187,31.4089,0.913,1.0617,160.0381,86.0537,58.8738,0,9.7885,15.6094,5.9871,10.4775,49.6555,513.424,15.4906,4.0152,0.3767,0.4208,1.765,1.362
2024/25,Premier League,Southampton,3809.2338,0.6142,2.0319,0.6893,1.7438,8.1039,15.948,0.085,0.1093,33.8572,2.8115,20.2245,0.3278,0.6855,167.2777,73.3375,57.6257,0,9.0254,15.9717,3.5912,5.7649,26.6746,435.7963,8.1512,2.2681,0.4462,0.3707,0.7264,0.4952
2024/25,Premier League,AFC Bournemouth,3796.0771,1.3751,1.0905,1.3107,1.0457,13.7273,11.5224,0.0954,0.0907,42.1777,4.149,28.8297,0.8271,0.9449,190.9497,96.7077,66.3131,0,11.2853,17.165,5.4055,9.3412,38.5029,401.554,13.8932,4.5757,0.4777,0.4603,1.4407,1.0129
2024/25,Premier League,Everton,3773.9463,1.0016,1.0492,0.9002,1.0044,9.6344,11.4707,0.0934,0.0875,34.2214,2.7186,24.8016,0.6964,0.6627,174.3745,80.4383,56.686,0,11.6615,17.4326,3.6725,6.3911,29.7142,359.4089,9.6821,3.0286,0.4682,0.4567,0.9376,0.6203
2024/25,Premier League,Crystal Palace,3762.2527,1.22,1.22,1.2976,1.1074,12.3436,11.602,0.1051,0.0954,30.9309,3.5165,25.2853,0.8982,0.6894,197.0681,84.9225,66.4309,0,12.0326,18.4437,4.0906,7.8463,31.6485,377.7258,12.4393,4.1863,0.4389,0.3154,1.3726,0.9322
2024/25,Premier League,Chelsea,3824.113,1.5062,1.0119,1.3852,0.9439,13.9091,9.2727,0.0995,0.1018,45.0222,5.6248,23.7466,0.6179,0.9401,145.4454,78.9594,51.6355,0,9.3904,14.2856,5.5071,9.5551,42.1274,498.2331,14.0267,4.6834,0.441,0.3327,1.4774,1.0946
2024/25,Premier League,Brighton & Hove Albion,3849.3015,1.5431,1.3794,1.1835,1.0018,12.345,9.8433,0.0958,0.1017,40.215,4.8398,25.1344,0.5962,0.9998,191.2554,108.4638,69.2307,0,9.7264,17.0212,4.3956,7.5987,40.0046,447.9539,12.5087,4.2786,0.4334,0.4245,1.3117,0.9385
2024/25,Premier League,Manchester City,3725.0116,1.7395,1.063,1.4756,0.9576,14.6657,8.5529,0.1006,0.1119,59.6051,7.7073,28.6549,0.4262,1.2335,144.3378,88.3567,51.5595,0,9.2536,12.2496,6.1127,10.1717,52.0911,585.6384,14.7623,5.412,0.3499,0.6039,1.5514,1.185
2024/25,Premier League,Newcastle United,3803.7281,1.6089,1.112,1.3161,0.9655,12.4456,11.3336,0.1057,0.0851,38.2125,4.8978,27.3284,0.7128,0.8797,189.9031,96.4658,61.14,0,9.417,14.7644,5.1344,8.3996,41.5723,443.8093,12.5876,3.5964,0.4025,0.3935,1.4273,1.0548
2024/25,Premier League,Tottenham Hotspur,3786.2082,1.5213,1.545,1.2484,1.3752,11.8614,12.3606,0.1052,0.1112,41.7409,4.8254,26.504,0.5346,0.882,158.1687,80.5819,58.0712,0,10.6016,15.9737,5.7762,7.9631,39.0311,466.7572,11.9565,3.2803,0.4475,0.4517,1.3229,0.9552
2024/25,Premier League,Manchester United,3784.3823,1.0464,1.2842,1.1258,1.1404,12.5568,9.7981,0.0896,0.1163,38.7883,4.7326,23.5441,0.5364,0.8282,163.3582,76.5778,61.6666,0,10.1311,19.3822,4.685,8.7755,36.6004,484.7475,12.6519,4.6136,0.4454,0.336,1.2003,0.8688
2024/25,Premier League,West Ham United,3784.5649,1.0939,1.4744,1.0176,1.3112,11.2721,13.9117,0.0902,0.0942,33.9352,3.2104,22.1161,0.6672,0.7995,159.5216,73.6015,57.1452,0,11.4147,15.2197,3.6146,7.1818,31.9614,432.8819,11.3434,3.353,0.4301,0.4225,1.0735,0.8123
2024/25,Premier League,Nottingham Forest,3802.9895,1.3726,1.0886,0.9824,1.0823,10.9808,12.519,0.0894,0.0864,32.1378,3.3368,22.6006,0.6818,0.7219,161.8726,64.891,57.2234,0,10.4601,17.4652,3.7628,6.65,30.0316,342.7724,11.0518,3.9758,0.4691,0.3787,1.038,0.6873
2024/25,Premier League,Wolverhampton Wanderers,3816.412,1.2734,1.6271,0.9647,1.0948,10.2347,11.0365,0.0942,0.0992,34.6189,2.7827,21.4363,0.4604,0.7198,169.1798,72.162,63.1299,0,9.6923,20.0214,3.4901,6.3436,27.6149,418.1623,10.2347,3.8203,0.4224,0.3394,0.9647,0.7734
2024/25,Premier League,Brentford,3776.3108,1.5729,1.3584,1.2222,1.2687,10.391,15.4913,0.1176,0.0819,33.7472,4.5282,28.2656,0.7233,0.8099,151.7195,75.3354,58.8669,0,9.6761,15.0384,4.1469,6.4348,37.3698,408.1602,10.534,2.4547,0.4376,0.4585,1.3342,0.9072
2024/25,Premier League,Ipswich Town,3774.6542,0.8583,1.9551,0.7568,1.5549,8.965,14.4251,0.0844,0.1077,28.2304,2.4558,18.0493,0.4636,0.6544,169.4777,77.1567,54.2433,0,9.8949,14.139,3.4572,5.9608,23.3902,353.2138,9.0127,3.5288,0.4993,0.4167,0.7942,0.5579
2024/25,Premier League,Fulham,3779.1771,1.2859,1.2859,1.032,0.9955,12.3598,10.3832,0.0835,0.0958,43.2713,4.358,27.3869,0.6566,0.8294,160.0824,71.7299,56.6075,0,10.0259,16.9084,4.8343,8.216,37.8892,470.531,12.455,3.6198,0.4982,0.4872,1.1066,0.8341
2024/25,Premier League,Aston Villa,3827.6731,1.3637,1.1991,1.1684,1.0327,11.3097,10.957,0.1033,0.0942,36.257,4.4204,24.7591,0.5643,0.9065,138.75,60.0991,52.9512,0,9.0289,14.625,5.4079,7.2184,35.387,417.9902,11.4508,3.5504,0.414,0.4491,1.279,0.8342
2023/24,Premier League,Arsenal,3847.8613,2.1284,0.6782,1.5446,0.5843,15.1564,7.508,0.1019,0.0778,49.6561,8.1629,31.4824,0.857,1.0027,135.5896,77.4196,51.27,0,9.5897,14.5483,6.1982,10.5721,57.8659,523.2023,15.3903,4.5609,0.3417,0.4,1.7279,1.2172
2023/24,Premier League,Liverpool,3857.5747,2.0064,0.9565,1.8362,0.9801,18.3612,9.6822,0.1,0.1012,55.2238,6.9992,35.696,1.0263,1.1695,157.3657,85.6004,64.9293,0,10.2888,16.4014,6.6959,12.5519,54.0572,559.6106,18.5712,6.4159,0.3934,0.4638,2.0008,1.4485
2023/24,Premier League,AFC Bournemouth,3879.7226,1.2526,1.5542,1.2296,1.2181,12.5266,12.2251,0.0981,0.0996,36.6753,4.1523,26.5379,0.8218,0.8186,175.7445,90.9111,61.0559,0,12.0395,16.5862,5.4514,8.6526,38.5079,362.2063,12.5962,4.1987,0.4361,0.402,1.2841,0.9252
2023/24,Premier League,Everton,3853.4548,0.9342,1.1911,1.1764,1.0811,11.7712,12.4252,0.0999,0.087,33.1183,2.8493,28.2603,0.8532,0.59,185.0702,93.8897,60.5378,0,12.9857,17.9605,4.2273,7.1701,30.3857,355.987,11.8413,4.204,0.4297,0.4341,1.2313,0.7733
2023/24,Premier League,Crystal Palace,3829.2019,1.3397,1.3632,0.9994,1.1085,10.6706,10.8586,0.0936,0.102,32.5759,3.4785,21.8348,0.6917,0.6729,184.4326,80.4057,62.308,0,11.2582,18.8028,4.1836,7.2626,29.544,386.5635,10.7646,3.6665,0.4165,0.3395,1.073,0.7277
2023/24,Premier League,Chelsea,3886.9688,1.7828,1.4587,1.4181,1.1442,12.5264,12.8043,0.1132,0.0893,43.5069,5.0244,23.2005,0.643,1.0603,142.4451,67.5179,55.7092,0,11.0445,15.6291,4.6771,8.4976,38.3666,530.6963,12.8043,4.4456,0.3892,0.4381,1.6358,1.1904
2023/24,Premier League,Burnley,3835.1995,0.9621,1.8304,0.8758,1.4262,10.1611,14.3617,0.0862,0.0993,33.5341,3.5904,21.1905,0.3157,0.7778,148.7328,73.8032,55.7337,0,9.9499,14.7371,4.224,6.7115,29.662,412.5,10.2315,3.8485,0.4296,0.3471,0.931,0.6753
2023/24,Premier League,Brighton & Hove Albion,3847.9686,1.2863,1.4501,1.1459,1.1281,13.0276,10.8524,0.0879,0.1039,44.9535,5.356,26.4061,0.5426,0.8962,158.39,84.0833,58.8466,0,9.9169,15.3899,4.8181,9.145,41.6791,576.9355,13.1679,4.4205,0.4109,0.5423,1.2559,0.895
2023/24,Premier League,Manchester City,3808.0662,2.2688,0.8035,1.605,0.7533,16.1656,6.8538,0.0992,0.1099,62.5356,8.9336,29.4716,0.6321,1.3141,129.1127,79.0322,51.2149,0,8.5082,12.2424,6.7593,10.7771,54.571,647.3128,16.402,5.6249,0.3696,0.5859,1.7901,1.2756
2023/24,Premier League,Newcastle United,3876.5167,1.9734,1.4394,1.4928,1.2241,12.6531,12.328,0.1179,0.0992,36.961,5.1076,26.467,0.7063,0.8871,173.3592,88.6646,59.8527,0,10.3546,15.2069,4.4576,8.4276,41.9758,451.4955,12.862,3.5985,0.3903,0.44,1.6565,1.1956
2023/24,Premier League,Tottenham Hotspur,3891.6819,1.7113,1.4107,1.4359,1.262,13.5519,11.1931,0.1059,0.1127,48.8888,7.3541,28.3065,0.6588,0.9648,134.5022,74.374,57.4918,0,11.1931,16.9052,5.4115,9.2504,47.7094,547.7683,13.5982,4.3014,0.3954,0.3789,1.4722,1.2066
2023/24,Premier League,Manchester United,3848.7277,1.3329,1.3562,1.1276,1.3814,12.7678,15.4804,0.0883,0.0892,39.73,4.7236,24.3898,0.6231,0.93,144.5386,67.3469,53.0357,0,10.9438,15.153,5.238,9.2602,37.7657,449.0496,12.9315,4.5833,0.3758,0.4051,1.2559,0.8458
2023/24,Premier League,West Ham United,3840.3279,1.4061,1.7342,1.0458,1.4021,10.4522,15.0924,0.1,0.0929,30.8879,2.6482,21.795,0.7844,0.7805,148.2764,66.3224,49.5895,0,11.3427,16.1236,3.8902,6.0697,27.5132,375.2257,10.5694,3.3278,0.5193,0.4397,1.1377,0.751
2023/24,Premier League,Nottingham Forest,3877.0338,1.1374,1.5553,1.028,1.122,10.3997,11.8621,0.0988,0.0945,30.8741,4.0159,23.0511,0.6631,0.6545,149.4957,59.4965,49.7003,0,11.1193,17.3637,3.4356,6.5462,29.3188,355.7951,10.4229,3.8766,0.4612,0.4683,1.0462,0.7886
2023/24,Premier League,Wolverhampton Wanderers,3879.4597,1.1599,1.5079,0.9424,1.3604,9.8596,13.3162,0.0955,0.1021,33.4067,3.5958,20.5776,0.4545,0.7857,148.4974,62.9855,57.2785,0,11.5531,17.9097,3.5958,6.4261,28.4653,435.4472,9.9524,3.3638,0.4757,0.3029,1.0151,0.6768
2023/24,Premier League,Sheffield United,3882.509,0.8113,2.4108,0.7468,1.5556,8.3914,15.5775,0.0889,0.0998,23.2736,2.5962,19.1242,0.6229,0.5431,159.1599,62.4261,54.475,0,12.7031,16.6438,3.2685,5.3547,24.1081,306.3354,8.5073,2.7121,0.4509,0.3548,0.8376,0.543
2023/24,Premier League,Brentford,3874.9494,1.3006,1.5096,1.2122,1.2132,11.0324,12.7046,0.1098,0.0955,31.4713,3.9252,28.3823,0.8751,0.6641,149.2974,63.7556,54.5813,0,12.4027,16.1421,4.2503,6.7587,36.8133,382.4643,11.102,2.88,0.4509,0.4637,1.2668,0.8764
2023/24,Premier League,Fulham,3869.6486,1.2791,1.4187,1.0973,1.2827,11.6754,11.9545,0.0939,0.1073,37.0266,3.8375,27.0954,0.654,0.6665,138.9661,61.2613,51.6791,0,13.257,16.3038,4.9306,7.5588,32.9797,459.5766,11.7219,4.0933,0.4669,0.3878,1.1337,0.8273
2023/24,Premier League,Aston Villa,3914.5995,1.7473,1.4024,1.2536,1.2607,11.7943,10.3918,0.1062,0.1213,37.659,4.7591,24.4852,0.6867,0.8623,119.9203,54.9711,47.1542,0,8.7135,12.507,5.3108,7.8398,36.9922,436.7573,11.8862,3.4716,0.3981,0.4568,1.3257,0.9846
2023/24,Premier League,Luton Town,3832.7234,1.221,1.9959,0.9067,1.6256,10.0502,15.4276,0.0902,0.1053,32.1703,3.0526,24.6326,0.6696,0.7408,158.5974,75.5181,54.5956,0,11.0365,14.9345,4.7433,6.434,29.916,348.3319,10.1677,3.217,0.5424,0.3902,0.9987,0.6098
2023/24,Bundesliga,Bayern Munich,3345.5556,2.5287,1.2105,2.0459,0.7695,17.0554,9.4692,0.1199,0.0812,60.9046,7.4247,32.2009,1.0195,1.1062,134.1301,70.4008,53.9641,0,11.4599,14.6343,6.1335,11.7289,55.1208,616.4446,17.1899,4.9229,0.3834,0.5745,2.1513,1.6605
2023/24,Bundesliga,Augsburg,3370.8565,1.3349,1.6019,1.1051,1.2721,11.5074,13.323,0.096,0.0954,33.6146,4.1384,30.7844,0.9203,0.6471,154.5363,77.7487,58.3916,0,10.5996,14.6045,4.3787,6.8617,36.6049,380.5204,11.6943,4.0049,0.4102,0.4357,1.2515,0.7823
2023/24,Bundesliga,VfB Stuttgart,3412.7691,2.0569,1.0284,1.5571,0.9171,13.9505,9.8893,0.1116,0.0927,48.2599,5.4852,25.343,0.8456,0.8124,137.0793,71.2295,58.3866,0,10.6277,15.2427,4.3776,9.1509,39.3199,589.2722,14.1615,4.7996,0.3912,0.5235,1.7224,1.3383
2023/24,Bundesliga,Hoffenheim,3394.881,1.7496,1.7496,1.1955,1.3956,12.1948,15.0314,0.098,0.0928,39.7657,3.7379,26.8286,0.7635,0.7494,140.2935,63.8903,52.4112,0,13.4673,14.1035,3.95,7.741,32.5283,451.6859,12.3538,4.6128,0.4337,0.4545,1.3202,0.9472
2023/24,Bundesliga,Werder Bremen,3361.8153,1.285,1.4456,1.0693,1.3453,10.8691,14.1619,0.0983,0.0949,32.7144,3.1857,24.2012,0.7228,0.724,159.4763,69.043,56.8621,0,12.395,16.9997,3.2125,7.3085,29.8231,439.2091,11.0297,3.6141,0.4015,0.5488,1.1952,0.8683
2023/24,Bundesliga,FSV Mainz 05,3386.0474,1.0366,1.3555,1.0692,1.028,12.5987,10.8976,0.0848,0.0943,33.6232,4.4388,29.3971,0.9016,0.6183,156.2352,77.267,67.3262,0,14.1138,15.7085,4.7843,8.0004,35.4306,400.5023,12.7316,4.9703,0.4312,0.4135,1.1734,0.6957
2023/24,Bundesliga,Wolfsburg,3402.7522,1.0844,1.4811,1.0116,1.0408,10.9499,11.3995,0.0923,0.0913,33.1937,3.5441,23.9365,0.6889,0.5545,152.1092,73.4493,55.649,0,12.5898,14.547,3.9144,7.1677,29.3585,436.3056,11.0293,4.0467,0.4508,0.5076,1.0737,0.7615
2023/24,Bundesliga,Borussia Dortmund,3394.5871,1.8028,1.14,1.4323,1.2365,13.4419,12.461,0.1065,0.0992,46.0527,4.6662,24.0471,0.7975,0.9091,132.8026,60.6877,55.7829,0,10.1809,15.8016,4.6662,8.8552,37.0648,542.4783,13.601,4.7457,0.4057,0.5377,1.5569,1.046
2023/24,Bundesliga,RB Leipzig,3375.9248,2.0527,1.0397,1.5089,0.9541,14.1028,10.6904,0.1069,0.0892,44.9476,4.3188,29.4319,0.8009,1.0054,143.2674,73.4198,54.9716,0,10.877,15.4091,5.3318,9.1175,40.8154,521.4837,14.2894,4.612,0.3849,0.5423,1.6551,1.179
2023/24,Bundesliga,Freiburg,3404.2155,1.1897,1.5333,1.0224,1.2346,10.3371,13.3775,0.0989,0.0922,34.5013,2.8552,27.2045,0.8322,0.7075,129.2544,58.4804,52.6376,0,10.2049,14.6201,3.384,6.9531,29.2666,422.5555,10.5751,3.0667,0.4382,0.4385,1.2089,0.764
2023/24,Bundesliga,Eintracht Frankfurt,3379.6839,1.3581,1.3314,1.1551,1.056,10.7584,10.9181,0.1073,0.0967,35.7104,4.0743,25.6177,0.7569,0.6543,151.6295,71.5806,61.3548,0,11.6638,15.9245,4.2873,6.7639,35.737,498.9874,10.8382,3.0091,0.3877,0.3724,1.2177,0.8881
2023/24,Bundesliga,Borussia Mönchengladbach,3374.644,1.4934,1.7868,1.011,1.3352,12.0546,15.3616,0.0838,0.0869,34.2169,3.387,22.7757,0.5676,0.8035,153.0561,57.766,57.1793,0,11.9479,16.0283,4.6404,8.4008,30.1898,450.4208,12.2146,3.9737,0.4777,0.4425,1.1364,0.7925
2023/24,Bundesliga,FC Köln,3356.8206,0.7507,1.6086,0.9198,1.5411,11.8773,13.7004,0.0774,0.1124,34.6399,2.5738,26.3016,0.6295,0.7231,170.7866,78.0202,59.9227,0,12.2794,17.4003,5.0404,7.802,28.8755,411.8182,12.0381,4.6651,0.5239,0.4758,1.0458,0.6034
2023/24,Bundesliga,Bochum,3391.605,1.1145,1.9636,1.0299,1.4206,13.9314,13.8783,0.0739,0.1023,34.3377,2.4413,33.0109,0.9989,0.4884,152.8214,78.8122,64.3235,0,11.9147,17.0892,4.0865,8.6242,34.8419,373.2303,14.0376,5.2806,0.3786,0.4702,1.1131,0.6954
2023/24,Bundesliga,Darmstadt 98,3377.3238,0.7994,2.2917,0.8016,1.8627,10.8458,15.4027,0.0739,0.1209,32.2711,2.6648,22.1714,0.6069,0.5288,147.8448,62.2771,53.8296,0,12.2049,15.4027,3.0645,7.2483,24.9961,407.9591,10.9258,4.6101,0.375,0.4641,0.8642,0.6239
2023/24,Bundesliga,Union Berlin,3410.7745,0.8707,1.5304,0.9007,1.0752,10.6603,12.5074,0.0844,0.0859,31.849,2.8497,25.3578,0.7603,0.6667,153.3874,65.466,60.558,0,11.2408,15.0669,4.1427,7.2036,30.3977,389.3397,10.8186,3.1928,0.4609,0.4161,1.0248,0.6544
2023/24,Bundesliga,FC Heidenheim,3345.3077,1.3451,1.4796,1.0097,1.3884,10.6537,13.909,0.0947,0.0998,30.9388,2.4213,25.1277,0.8823,0.5713,180.2524,77.7237,62.1467,0,11.7029,16.7876,4.9233,6.4837,28.4637,384.126,10.7344,3.4974,0.4721,0.5157,1.0729,0.6284
2023/24,Bundesliga,Bayer Leverkusen,3310.6506,2.4194,0.6524,1.796,0.7459,16.7459,7.9652,0.1072,0.0936,63.4225,7.068,31.2083,0.8694,1.0698,130.0801,73.6169,52.0864,0,9.6778,12.6953,6.4156,11.3361,52.3582,659.1816,16.9634,6.1981,0.3658,0.4533,1.9663,1.4702
2024/25,Bundesliga,Bayern Munich,3293.4596,2.7053,0.8744,1.8675,0.6277,17.4345,6.3125,0.1071,0.0994,72.2796,7.2962,33.858,0.9303,1.209,136.935,81.2428,60.8569,0,8.0614,13.9093,6.0119,11.9691,52.7135,710.0071,17.7078,5.7113,0.3543,0.5668,2.0816,1.56
2024/25,Bundesliga,Augsburg,3331.842,0.9454,1.3776,0.8263,1.0999,10.8048,12.1824,0.0764,0.0902,35.3588,3.2684,25.6614,0.712,0.5757,155.5625,73.0947,55.6989,0,12.6686,12.8577,4.1868,7.1311,31.6311,411.421,10.8588,3.9167,0.4284,0.4359,0.8686,0.5473
2024/25,Bundesliga,VfB Stuttgart,3336.5996,1.7263,1.4295,1.4475,1.1151,12.5157,10.4927,0.1156,0.1062,44.83,5.9611,30.3182,0.7325,0.7968,148.0848,77.522,63.253,0,8.4697,14.1611,4.8552,8.3618,43.7511,537.8259,12.6775,3.4526,0.4012,0.4599,1.5743,1.0859
2024/25,Bundesliga,Hoffenheim,3327.7956,1.244,1.839,1.0575,1.3336,11.9809,13.252,0.0882,0.1006,39.0799,3.7322,29.8846,0.8072,0.7022,166.4615,74.1031,61.3108,0,9.0059,16.281,4.246,7.7889,35.1313,453.5434,12.062,4.3271,0.4488,0.391,1.1211,0.8281
2024/25,Bundesliga,Werder Bremen,3341.5587,1.4544,1.5352,1.1568,1.1683,11.6352,12.5779,0.0994,0.0928,35.633,4.4979,28.4148,0.7546,0.6768,155.1102,72.8282,56.722,0,10.935,15.4059,4.3093,7.7837,35.8216,478.2857,11.7699,2.9357,0.4454,0.5163,1.2623,0.9404
2024/25,Bundesliga,FSV Mainz 05,3358.001,1.474,1.1524,1.1964,1.144,11.3103,12.3823,0.1057,0.0923,36.3698,4.5294,28.8653,0.95,0.5328,146.3638,73.5437,63.9487,0,11.1226,14.9017,4.4222,7.3168,36.343,448.0701,11.4175,3.2698,0.4289,0.3665,1.2804,0.8941
2024/25,Bundesliga,Wolfsburg,3355.827,1.5018,1.4482,1.1082,1.2699,11.7199,12.7658,0.0945,0.0994,36.5006,3.111,25.9876,0.7279,0.7268,162.255,71.419,55.9176,0,11.4249,14.2409,4.4251,7.4825,31.5123,412.2083,11.854,4.1837,0.421,0.4376,1.2132,0.7856
2024/25,Bundesliga,Borussia Dortmund,3336.3819,1.9152,1.3757,1.3385,0.9938,12.9751,10.2236,0.1031,0.0972,48.8253,4.5588,28.324,0.7046,1.0025,155.243,80.6562,61.0991,0,8.7669,14.9982,5.1522,8.4972,40.0853,553.6416,13.1369,3.7225,0.4647,0.403,1.4653,1.101
2024/25,Bundesliga,RB Leipzig,3304.3198,1.4435,1.3073,1.0611,1.3687,11.1127,13.7274,0.0954,0.0997,41.6727,3.7042,28.4899,0.6807,0.7106,167.5897,79.6412,65.2055,0,11.031,15.3617,4.3851,7.5446,34.237,502.0337,11.2216,3.7859,0.3709,0.4948,1.1465,0.7705
2024/25,Bundesliga,Freiburg,3310.164,1.3322,1.441,1.1354,1.008,11.0659,11.8,0.1026,0.0854,36.3516,3.6161,27.3793,0.75,0.6726,149.8656,73.818,58.8097,0,10.4133,14.4645,3.5889,6.4709,32.8171,451.6906,11.1746,3.6977,0.4508,0.4463,1.2206,0.8507
2024/25,Bundesliga,Eintracht Frankfurt,3345.684,1.8292,1.2374,1.5911,1.1767,13.1542,12.4817,0.1209,0.0942,38.037,4.4116,25.7705,0.7658,0.7374,166.8896,75.8051,59.638,0,10.3566,16.1939,4.5192,8.1507,38.2791,469.0341,13.2887,3.8198,0.4018,0.368,1.6965,1.302
2024/25,Bundesliga,Borussia Mönchengladbach,3311.5702,1.4947,1.5491,1.1597,1.4568,11.3329,15.8172,0.1023,0.0921,34.0261,3.2069,25.0032,0.6372,0.8056,168.337,68.5415,56.991,0,12.3657,14.4312,4.294,7.3107,32.0965,482.5626,11.4688,3.1525,0.475,0.4959,1.2661,0.8942
2024/25,Bundesliga,St. Pauli,3303.0681,0.7629,1.1171,0.8705,1.0586,10.4085,10.3267,0.0836,0.1025,33.4325,2.6429,25.1493,0.6159,0.5616,162.2854,68.5544,58.3639,0,9.2913,15.2312,4.0326,6.839,28.6097,423.3972,10.4629,3.7056,0.4647,0.3951,0.9132,0.5646
2024/25,Bundesliga,Bochum,3326.9631,0.8656,1.8395,0.9735,1.4735,11.7404,13.093,0.0829,0.1125,32.0562,2.7051,28.3231,0.8227,0.4897,169.7494,79.8025,68.9006,0,11.3076,17.6377,4.4635,7.331,29.9462,388.9222,11.8215,4.4364,0.4479,0.4304,1.0371,0.7393
2024/25,Bundesliga,Holstein Kiel,3350.5503,1.3162,2.1489,0.9181,1.3822,9.9655,14.8542,0.0921,0.093,23.2618,2.3637,22.5097,0.7244,0.5518,165.331,63.9029,55.9251,0,10.0461,14.9079,3.2233,6.0437,25.3301,378.878,10.0998,3.3845,0.494,0.4321,1.0234,0.6708
2024/25,Bundesliga,Union Berlin,3329.8421,0.973,1.3514,0.9707,1.0749,11.3518,11.1626,0.0855,0.0962,31.2717,3.2433,27.4877,0.89,0.5182,166.7106,72.8683,57.6243,0,11.1626,15.1899,4.1083,7.1625,31.8663,377.18,11.4329,3.7028,0.4326,0.4305,1.0342,0.6391
2024/25,Bundesliga,FC Heidenheim,3305.4099,1.0074,1.7425,0.9198,1.338,11.0546,12.4704,0.0832,0.1073,31.1761,3.2673,24.0696,0.6763,0.6689,196.0694,75.6668,61.4538,0,10.7278,17.5621,3.8119,7.4604,27.6637,405.0178,11.1907,4.0569,0.4468,0.4491,1.0265,0.6555
2024/25,Bundesliga,Bayer Leverkusen,3348.7037,1.935,1.1556,1.3108,0.8167,13.3305,8.8959,0.0983,0.0918,56.1441,5.1602,29.1874,0.7658,0.9184,135.2135,72.646,54.0477,0,9.2722,11.4492,5.8052,8.6809,41.7116,585.7371,13.4917,4.3539,0.4806,0.5076,1.4372,0.9738
2024/25,La Liga,Leganés,3768.2795,0.9314,1.3374,0.6389,1.187,8.2637,13.4464,0.0773,0.0882,27.9676,1.9584,19.6561,0.4694,0.5078,158.0615,67.1367,56.819,0,11.7984,16.3124,2.6988,4.9439,19.0829,362.7915,8.4309,3.893,0.3766,0.2832,0.7699,0.4963
2024/25,La Liga,Deportivo Alavés,3806.1533,0.8985,1.135,0.7682,0.8711,9.4347,9.411,0.0814,0.0925,32.9151,2.6246,27.7603,0.7671,0.5365,170.0851,76.8965,60.4153,0,10.4514,18.2073,4.3035,6.0533,27.5474,354.7833,9.6948,3.3813,0.4718,0.4233,0.972,0.5184
2024/25,La Liga,Valencia,3775.6785,1.0488,1.2871,0.8675,1.0135,9.1771,9.9637,0.0945,0.1017,37.519,2.0499,23.9797,0.5824,0.5986,153.8902,71.3673,58.0425,0,10.4166,16.2328,4.4336,5.9591,25.9582,426.8212,9.2963,3.0749,0.5129,0.3445,0.9609,0.6337
2024/25,La Liga,Las Palmas,3798.3057,0.9477,1.4453,0.7901,1.291,9.6911,12.5582,0.0815,0.1028,33.457,2.9144,23.5052,0.607,0.5029,148.6847,63.1939,56.5831,0,10.8048,15.4016,3.7911,6.3975,26.3722,436.4814,9.7859,3.9807,0.4415,0.4017,0.8643,0.5718
2024/25,La Liga,Celta Vigo,3781.8265,1.404,1.3564,1.0313,0.8823,10.5663,9.4716,0.0976,0.0931,44.4785,3.4745,22.0607,0.5453,0.7444,156.4482,78.2003,56.9724,0,9.543,14.3978,3.5459,7.0204,30.9136,508.5161,10.7805,3.6886,0.3797,0.4576,1.1991,0.879
2024/25,La Liga,Real Sociedad,3717.6084,0.8473,1.1136,0.9345,0.8758,9.5141,10.5067,0.0982,0.0833,38.2746,3.3166,25.1532,0.5809,0.6183,154.3573,78.2438,61.5395,0,9.2478,16.68,5.2291,6.4154,29.0509,458.1816,9.611,3.244,0.4629,0.4666,1.0103,0.7132
2024/25,La Liga,Girona,3752.2547,1.0553,1.4391,0.8876,1.0324,9.6901,10.7935,0.0916,0.0956,47.8512,3.262,26.0003,0.533,0.7273,146.7197,70.2057,50.9693,0,8.8986,13.8396,4.4613,6.524,31.0613,516.0976,9.8101,3.286,0.5036,0.4486,0.9816,0.6885
2024/25,La Liga,Atlético Madrid,3753.3584,1.6305,0.7193,1.2463,0.7192,11.1979,9.3756,0.1113,0.0767,44.2403,3.6207,27.2396,0.6816,0.7893,156.4359,67.6434,57.1887,0,8.6322,15.6579,4.5559,7.0496,34.0734,518.6555,11.3658,3.7166,0.4093,0.5241,1.3778,1.022
2024/25,La Liga,Sevilla,3789.7779,0.9974,1.3061,0.903,0.8875,11.2565,9.7129,0.0802,0.0913,34.4822,2.8497,22.4419,0.5099,0.6107,146.027,65.8297,53.2669,0,11.8265,16.2674,4.3933,7.6468,25.3154,433.9726,11.3278,4.5596,0.4592,0.3234,0.9588,0.703
2024/25,La Liga,Espanyol,3784.3899,0.9512,1.2128,0.685,1.0771,8.3236,13.4367,0.0823,0.0801,26.8973,1.9501,21.0945,0.4762,0.5614,174.2262,68.5394,53.6281,0,10.8207,15.9576,3.4245,5.4222,22.0933,337.5603,8.4425,3.2105,0.4599,0.4475,0.7782,0.5017
2024/25,La Liga,Athletic Club,3717.0421,1.3074,0.7021,1.0446,0.7644,11.2347,8.2565,0.0929,0.0925,41.9849,2.5665,26.7067,0.6639,0.7378,167.4315,91.5001,63.2196,0,10.242,15.3751,4.673,7.5543,29.5154,427.6222,11.38,3.7771,0.4342,0.3996,1.1584,0.7962
2024/25,La Liga,Getafe,3791.5626,0.807,0.9257,0.7431,0.7764,10.2068,8.7589,0.0728,0.0886,31.4751,2.1125,28.0807,0.7072,0.4163,171.6416,84.7645,64.1134,0,10.4679,16.4734,3.4893,6.3852,26.0393,311.7131,10.3255,4.2014,0.442,0.412,0.8361,0.5284
2024/25,La Liga,Barcelona,3770.2812,2.4348,0.9309,1.7523,0.8689,15.9935,7.0419,0.1095,0.1233,62.9475,5.7528,31.8199,0.824,1.1081,127.9002,77.5088,57.7675,0,8.8083,13.3677,6.3257,9.9541,48.4579,618.662,16.1844,5.6335,0.3705,0.5539,1.902,1.414
2024/25,La Liga,Real Betis,3789.5401,1.3537,1.1874,1.0517,1.0516,12.3972,9.951,0.0848,0.1056,40.2317,3.2536,23.1083,0.535,0.9167,153.2323,71.5099,58.8514,0,11.0198,16.2209,4.6786,8.7635,34.1281,462.2856,12.6347,4.4649,0.4316,0.4265,1.2378,0.817
2024/25,La Liga,Real Madrid,3735.9437,1.879,0.9154,1.4834,0.8662,14.9841,9.7324,0.0989,0.089,59.5271,5.9262,25.6802,0.616,1.1815,129.3889,61.7193,44.5429,0,11.1778,14.7191,5.878,10.7924,44.3261,586.6951,15.3214,5.5407,0.3846,0.472,1.7476,1.2441
2024/25,La Liga,Villarreal,3801.0721,1.6811,1.2075,1.3222,0.8925,12.6201,11.2705,0.1047,0.0791,39.4941,3.9304,25.3586,0.9223,0.7253,145.4984,63.6925,51.5223,0,9.2815,16.74,4.3329,8.7843,36.3686,425.6272,12.7858,3.5042,0.4304,0.4601,1.4521,1.0289
2024/25,La Liga,Real Valladolid,3760.1696,0.6223,2.1541,0.689,1.3538,7.9703,14.2653,0.0864,0.0949,26.544,1.7233,20.8713,0.4573,0.5702,161.2028,57.9229,51.8912,0,10.8665,15.3423,3.7338,5.7683,19.7464,372.3103,8.09,2.8482,0.5344,0.4208,0.7828,0.5368
2024/25,La Liga,Rayo Vallecano,3781.0268,0.9759,1.0711,0.9541,0.9475,12.3061,11.0208,0.0775,0.0859,38.0134,2.5945,25.7787,0.7073,0.5898,166.907,80.5257,63.3399,0,11.2112,15.7576,4.8082,8.2596,28.2066,429.8356,12.3299,5.4509,0.4875,0.3874,0.9728,0.731
2024/25,La Liga,Osasuna,3767.1621,1.1467,1.2423,0.8522,1.0426,9.7951,11.1091,0.087,0.0938,34.7609,2.9385,27.1397,0.7948,0.5599,154.0469,68.0883,54.2318,0,9.4368,14.9794,4.1808,6.6416,30.1739,387.5543,10.0101,2.819,0.5167,0.5108,1.0206,0.5833
2024/25,La Liga,Mallorca,3745.1321,0.841,1.0573,0.8073,1.0407,9.1558,13.6737,0.0881,0.0761,34.1483,2.2829,25.0405,0.6584,0.4977,154.8089,65.0524,56.8337,0,10.8861,15.0915,3.4845,5.8636,26.7947,396.4906,9.276,2.5713,0.5067,0.451,0.9015,0.5553
2024/25,Ligue 1,AS Monaco,3384.3117,1.6753,1.0903,1.6362,0.8056,13.1636,8.8821,0.1242,0.0907,47.4424,4.8133,29.4121,0.9018,0.9051,203.2791,108.7931,74.3814,0,13.988,18.4557,4.8931,9.1215,41.4323,484.4766,13.3498,3.6698,0.3734,0.4,1.782,1.3623
2024/25,Ligue 1,Toulouse,3366.4837,1.1763,1.1495,1.1164,0.8423,10.854,9.4638,0.1028,0.089,35.2088,3.3417,26.6004,0.7309,0.708,201.7891,102.8194,64.6163,0,12.1105,17.8049,4.3576,7.1112,34.4068,405.6368,10.9609,2.7268,0.3969,0.3696,1.2002,0.7994
2024/25,Ligue 1,Paris Saint-Germain,3335.1815,2.4826,0.9444,2.1395,0.7182,17.0005,8.4463,0.1258,0.085,66.4911,7.043,27.4707,0.742,1.2534,158.8609,91.0745,63.9545,0,10.1193,17.6751,5.8287,11.9543,52.27,700.2077,17.1894,5.289,0.384,0.5445,2.2875,1.9097
2024/25,Ligue 1,Rennes,3388.6859,1.3545,1.3279,1.0655,1.0531,11.3141,9.8533,0.0941,0.1068,41.5647,3.7713,24.0358,0.5753,0.832,167.8792,86.051,60.9793,0,12.0046,16.6524,4.515,7.2771,33.8361,456.522,11.5265,3.9572,0.4541,0.4446,1.232,0.8558
2024/25,Ligue 1,Saint-Étienne,3333.0077,1.0531,2.0792,0.8757,1.643,9.9369,14.5004,0.0881,0.1133,35.3734,3.1323,19.9819,0.4792,0.704,187.3172,81.6559,63.4291,0,11.5841,17.8757,3.6453,6.4536,27.1646,447.5417,10.0449,4.1584,0.35,0.3366,0.9603,0.7171
2024/25,Ligue 1,OGC Nice,3375.214,1.7598,1.0932,1.4306,0.9971,13.0658,12.2392,0.1094,0.0814,37.9442,3.813,25.865,0.6677,0.8889,163.9896,76.9017,59.7562,0,13.0125,18.1321,4.533,8.3728,36.5843,435.9456,13.2258,3.813,0.4113,0.5441,1.5559,1.1682
2024/25,Ligue 1,Lyon,3401.4735,1.7198,1.2171,1.2616,1.0698,11.5626,11.8536,0.1091,0.0902,43.8692,6.3237,27.782,0.7286,0.907,154.2302,75.8053,55.8022,0,10.9276,15.4785,4.8949,7.8583,42.8108,510.7404,11.8272,3.175,0.4038,0.4145,1.4689,1.0208
2024/25,Ligue 1,Strasbourg,3385.0005,1.4889,1.1698,1.1953,1.189,9.4918,12.0443,0.1259,0.0987,32.6499,2.579,19.3028,0.4263,0.7271,164.5258,81.864,57.9084,0,9.8375,16.1388,3.7223,6.1418,25.5509,471.35,9.545,2.7385,0.4903,0.4121,1.2369,0.9829
2024/25,Ligue 1,Montpellier,3320.1289,0.6234,2.1414,0.8049,1.4922,10.1381,14.2042,0.0793,0.105,34.6161,2.1685,23.3394,0.4964,0.6907,173.6769,71.6448,57.2778,0,12.0627,18.2161,4.31,6.587,24.993,403.8457,10.2465,4.4456,0.5098,0.4827,0.8899,0.5701
2024/25,Ligue 1,Lille,3417.3119,1.3694,0.9481,1.1935,0.9394,11.2193,8.9807,0.1063,0.1046,50.092,4.2928,24.9669,0.4604,0.9185,158.0189,89.307,61.8117,0,10.3502,17.5401,4.4245,7.6112,37.7138,526.8614,11.4827,3.371,0.4018,0.4863,1.3998,0.9364
2024/25,Ligue 1,Nantes,3364.3671,1.0432,1.391,0.8916,1.1388,9.3628,11.2888,0.0952,0.1008,32.4756,2.782,20.9994,0.7096,0.6445,172.276,68.7231,52.4586,0,10.0583,17.7358,3.8253,5.9922,28.3292,381.1474,9.4965,2.568,0.5388,0.3965,0.9964,0.6784
2024/25,Ligue 1,Angers,3361.1,0.8568,1.4191,0.758,1.3645,8.4079,12.9064,0.0901,0.1057,31.1951,1.9279,20.6718,0.4773,0.7104,178.1738,65.3357,54.7053,0,13.6562,17.2175,3.4542,5.3018,22.2248,383.3387,8.5686,3.0257,0.5194,0.4178,0.8839,0.5889
2024/25,Ligue 1,Marseille,3367.8346,1.9775,1.2559,1.3666,1.0532,12.9341,8.6316,0.1056,0.122,52.5114,4.6765,26.0285,0.5589,0.9975,141.9279,76.4022,59.5931,0,10.7695,15.0719,4.73,8.8988,36.7446,628.2137,13.2013,4.0886,0.4137,0.5695,1.5759,1.1597
2024/25,Ligue 1,Stade Brestois,3394.3951,1.3787,1.5643,0.9754,1.2813,10.9238,10.8443,0.0892,0.1181,35.6882,2.943,24.2075,0.5797,0.7149,169.7975,80.2587,63.104,0,12.8064,18.1888,3.765,7.0262,27.893,431.0164,11.1625,3.6589,0.4567,0.4749,1.1624,0.6589
2024/25,Ligue 1,Stade de Reims,3385.9101,0.8771,1.2492,0.9082,1.2854,10.6057,13.2637,0.0856,0.0969,34.2094,2.5517,22.3012,0.5686,0.6933,162.8336,67.6214,57.1751,0,10.7386,15.3636,3.5618,6.8844,27.8831,394.6974,10.6588,3.801,0.4672,0.4063,0.9499,0.7437
2024/25,Ligue 1,Le Havre,3383.1769,1.064,1.8887,0.8313,1.4528,9.1245,12.8222,0.0911,0.1133,31.3906,2.8198,22.2128,0.6154,0.6591,177.889,72.2782,55.9976,0,11.1729,16.6795,3.4848,5.4534,25.8573,384.1359,9.3905,3.4582,0.5844,0.5,1.0398,0.5707
2024/25,Ligue 1,Auxerre,3389.0874,1.2746,1.3543,0.9296,1.2867,10.0115,11.8704,0.0928,0.1083,31.203,3.0804,20.4479,0.6254,0.6796,198.5047,84.7661,66.9737,0,14.6322,18.9343,3.5584,6.7717,26.2637,383.8378,10.1443,3.4788,0.4883,0.3843,1.0336,0.7223
2024/25,Ligue 1,Lens,3376.1837,1.1196,1.0396,1.2341,1.0087,12.9021,9.9698,0.0956,0.1011,43.8779,4.0785,28.6566,0.7168,0.7676,170.5002,83.0642,72.4012,0,12.8754,17.4072,4.9582,8.5836,38.3865,490.7345,13.0354,4.1318,0.452,0.5052,1.3385,0.9953
2024/25,Serie A,Juventus,3670.4475,1.4221,0.8582,1.0628,0.6591,12.6033,9.7099,0.0843,0.0678,45.4849,3.8006,24.1523,0.5005,0.9034,142.9035,71.6479,52.6448,0,8.2387,14.7366,4.6588,8.6065,33.7397,524.0696,12.7504,4.1193,0.473,0.4526,1.1781,0.8179
2024/25,Serie A,Cagliari,3695.4719,0.9741,1.3638,0.8465,1.18,10.253,12.1527,0.0825,0.0971,29.7607,2.411,24.8899,0.7188,0.6033,144.7122,57.5244,49.2684,0,9.5224,13.7844,4.408,6.4538,27.3253,390.421,10.3261,3.1173,0.5039,0.4508,0.9037,0.6063
2024/25,Serie A,Hellas Verona,3664.6074,0.835,1.6209,0.7243,1.1603,9.1605,12.3533,0.079,0.0939,29.7412,1.8665,21.4647,0.5378,0.5759,175.3284,70.5095,55.8722,0,11.1744,17.658,3.733,6.0661,21.3665,336.5844,9.2097,3.3891,0.4473,0.3144,0.7628,0.5642
2024/25,Serie A,Napoli,3715.1496,1.4292,0.654,1.1234,0.5878,12.1852,8.7452,0.0921,0.0672,40.892,3.9002,24.3704,0.6327,0.7888,134.183,64.2208,48.0142,0,8.0911,13.3722,5.063,8.2607,34.2058,491.1403,12.3063,3.6579,0.4801,0.5448,1.2183,0.8507
2024/25,Serie A,Atalanta,3682.7533,1.9061,0.9042,1.3801,0.9067,13.221,9.873,0.1043,0.0918,50.7093,5.7918,28.2506,0.8217,0.85,145.2853,72.8503,51.9068,0,10.0685,14.5163,4.7165,9.1643,43.2312,517.7729,13.3921,3.0059,0.4645,0.441,1.5142,1.1155
2024/25,Serie A,AS Roma,3674.4512,1.3716,0.8572,1.0936,0.9121,12.5406,10.8261,0.0872,0.0842,45.7292,4.5802,26.012,0.636,0.8349,132.9504,62.6542,50.0646,0,9.5524,14.0837,4.1638,8.4747,35.2705,499.2745,12.7365,4.5312,0.4086,0.4427,1.2471,0.8311
2024/25,Serie A,Udinese,3704.0714,0.9962,1.3606,0.8189,1.1065,10.4722,12.1244,0.0782,0.0912,33.9923,2.5512,24.6134,0.5105,0.6315,145.8584,72.4311,50.3203,0,9.9134,14.0197,4.3249,6.8033,28.3066,400.9587,10.5694,4.0576,0.4995,0.4083,0.8951,0.579
2024/25,Serie A,Genoa,3710.512,0.8974,1.1885,0.7901,0.9364,9.3383,11.4485,0.0846,0.0817,27.7481,2.3042,22.606,0.5646,0.4477,157.9269,74.5126,60.6627,0,10.2842,17.1728,3.7595,6.0638,25.5409,388.1108,9.3868,3.1774,0.4635,0.4422,0.8281,0.5582
2024/25,Serie A,Lazio,3720.3679,1.4756,1.1853,1.2374,0.7791,12.8696,9.241,0.0961,0.0843,46.2051,4.1366,27.8924,0.6365,0.8565,134.7931,66.3805,49.9063,0,9.7732,13.4502,5.5397,8.4427,36.4318,476.227,13.039,4.6447,0.5143,0.526,1.37,0.9338
2024/25,Serie A,Inter Milan,3701.2395,1.9209,0.851,1.3917,0.7938,13.9331,9.6778,0.0998,0.082,44.377,5.617,29.3009,0.9413,0.721,125.2526,63.4895,48.5594,0,8.1702,13.7386,5.3738,9.1428,42.5046,552.731,14.152,4.231,0.4539,0.5487,1.5632,1.0219
2024/25,Serie A,Fiorentina,3705.8435,1.4571,0.9957,0.9492,0.9443,10.7829,10.7586,0.088,0.0877,34.9717,2.6957,21.9302,0.6145,0.7547,133.0628,56.8291,47.4547,0,9.9329,13.8915,3.5943,7.1157,26.4717,429.5459,10.9772,4.1771,0.4307,0.4961,1.1014,0.7671
2024/25,Serie A,Bologna,3712.9636,1.3816,1.1392,1.0308,0.7728,12.4105,7.7081,0.083,0.1002,44.0672,3.4419,27.4389,0.7383,0.6943,142.4306,79.2143,58.2715,0,7.999,14.6648,4.6297,8.0232,32.7474,474.4619,12.5802,4.46,0.4876,0.4529,1.1638,0.7493
2024/25,Serie A,Torino,3694.7199,0.95,1.0961,0.7447,1.0593,9.3295,12.8128,0.0798,0.0826,35.5399,2.7769,24.286,0.5432,0.5747,132.6839,63.1143,46.3553,0,8.6474,12.1551,3.8487,6.0897,25.1872,418.7326,9.4269,3.6782,0.4453,0.4064,0.821,0.5689
2024/25,Serie A,AC Milan,3712.7129,1.4787,1.0423,1.3599,0.869,13.6477,10.4963,0.0996,0.0827,43.7793,3.9512,24.7016,0.5173,0.9656,158.4393,79.5348,47.6578,0,8.6055,14.1082,5.2603,9.5509,37.113,467.0762,13.8416,4.8724,0.3974,0.5607,1.5119,1.1486
2024/25,Serie A,Empoli,3685.0993,0.8059,1.4409,0.713,1.1075,9.0119,12.5776,0.0791,0.088,27.3778,2.3201,23.1282,0.572,0.4894,164.7309,74.538,62.3266,0,11.1123,18.1948,4.1518,5.6416,23.0305,345.8495,9.0852,3.932,0.4287,0.3386,0.7704,0.5693
2024/25,Serie A,Parma Calcio 1913,3703.3505,1.0693,1.4095,0.8131,1.2244,10.1583,13.2204,0.08,0.0926,31.5444,2.5274,20.9242,0.4777,0.696,136.579,60.0024,47.3652,0,10.936,13.8766,4.0584,6.5859,25.6389,388.6669,10.3284,4.2529,0.3554,0.3873,0.9463,0.643
2024/25,Serie A,Lecce,3701.4836,0.6564,1.4102,0.7426,1.1613,10.9658,12.7165,0.0677,0.0913,30.223,2.1153,22.0776,0.4331,0.6346,163.0778,65.5764,59.8381,0,10.5038,16.0233,4.0119,7.2457,23.2204,374.3228,11.0631,4.8629,0.4922,0.3592,0.8188,0.5664
2024/25,Serie A,Venezia,3686.1324,0.7813,1.3672,0.8327,1.1147,9.3268,13.7705,0.0892,0.0809,30.8127,2.9299,20.436,0.4659,0.6744,161.7304,73.809,60.6977,0,9.7907,15.3819,3.4914,6.226,24.5867,375.9794,9.4489,3.8332,0.4062,0.3629,0.9284,0.6477
2024/25,Serie A,Monza,3680.0764,0.6847,1.6874,0.6222,1.2033,8.1438,13.7931,0.0764,0.0872,32.1841,1.8342,19.8582,0.3812,0.5379,144.8285,56.3466,52.3603,0,10.247,14.7469,3.326,5.3803,19.9561,432.9203,8.2172,3.2526,0.5492,0.4122,0.6797,0.4908
2024/25,Serie A,Como,3705.5334,1.1901,1.2629,1.057,0.8664,12.7026,9.1565,0.0832,0.0946,39.4922,3.2545,23.3893,0.5043,0.7196,155.8075,77.3087,56.9067,0,8.8894,17.1473,4.056,8.8894,32.0601,470.7257,12.7512,4.6632,0.4132,0.4832,1.0951,0.7843